,Name,Age,Total Pull Requests,Total Releases,Updated,Primary Language,Closed Issues,Total Issues
0,freeCodeCamp/freeCodeCamp,2629,16802,0,28.0,JavaScript,15698,15828
1,996icu/996.ICU,1076,1063,0,5.0,None,0,0
2,EbookFoundation/free-programming-books,3068,4320,0,2.0,None,670,695
3,jwasham/coding-interview-university,2099,284,0,2.0,None,288,325
4,vuejs/vue,3142,1071,210,75.0,JavaScript,9363,9690
5,sindresorhus/awesome,2795,568,0,6.0,None,280,301
6,kamranahmedse/developer-roadmap,1817,219,0,5.0,TypeScript,485,582
7,facebook/react,3208,8131,96,16.0,JavaScript,10456,11180
8,public-apis/public-apis,2177,1859,0,3.0,Python,359,362
9,donnemartin/system-design-primer,1834,190,0,4.0,Python,63,210
10,tensorflow/tensorflow,2311,14212,158,40.0,C++,31841,34183
11,twbs/bootstrap,3873,7454,76,110.0,JavaScript,20792,21105
12,getify/You-Dont-Know-JS,3032,351,0,93.0,None,806,891
13,CyC2018/CS-Notes,1482,375,0,71.0,None,436,539
14,ohmyzsh/ohmyzsh,4573,2652,0,11.0,Shell,3923,4099
15,flutter/flutter,2557,23826,0,50.0,Dart,55380,65706
16,trekhleb/javascript-algorithms,1443,266,0,19.0,JavaScript,185,281
17,danistefanovic/build-your-own-x,1397,86,0,3.0,None,326,468
18,TheAlgorithms/Python,2059,1811,0,7.0,Python,914,946
19,github/gitignore,4136,1520,0,2.0,None,0,0
20,microsoft/vscode,2376,8281,61,10.0,TypeScript,124029,129585
21,torvalds/linux,3836,9,0,68.0,C,0,0
22,airbnb/javascript,3412,777,0,5.0,JavaScript,1065,1153
23,vinta/awesome-python,2809,526,0,9.0,Python,275,289
24,Snailclimb/JavaGuide,1399,622,0,71.0,Java,682,747
25,jackfrued/Python-100-Days,1466,12,0,106.0,Python,93,543
26,ossu/computer-science,2863,206,0,37.0,None,551,557
27,ytdl-org/youtube-dl,4144,1557,341,13.0,Python,20748,24753
28,labuladong/fucking-algorithm,746,203,1,14.0,Markdown,251,288
29,jlevy/the-art-of-command-line,2482,303,0,32.0,None,88,196
30,facebook/react-native,2613,627,186,82.0,JavaScript,20572,22428
31,electron/electron,3250,14133,910,23.0,C++,15076,16591
32,d3/d3,4178,438,177,36.0,JavaScript,2099,2102
33,golang/go,2756,0,0,71.0,Go,41452,48843
34,facebook/create-react-app,2058,1916,82,74.0,JavaScript,6342,7551
35,30-seconds/30-seconds-of-code,1558,752,4,41.0,JavaScript,277,277
36,axios/axios,2757,463,34,110.0,JavaScript,3269,3496
37,justjavac/free-programming-books-zh_CN,3044,269,3,0.0,None,0,0
38,kubernetes/kubernetes,2830,50773,518,53.0,Go,38741,40354
39,nodejs/node,2657,3813,276,54.0,JavaScript,12949,14275
40,vercel/next.js,1978,8457,1366,52.0,JavaScript,11191,12081
41,microsoft/terminal,1668,2519,67,1.0,C++,8173,9583
42,denoland/deno,1391,6083,165,13.0,Rust,4865,5614
43,angular/angular,2726,3050,145,56.0,TypeScript,22123,23662
44,mrdoob/three.js,4366,9493,130,74.0,JavaScript,10636,10975
45,awesome-selfhosted/awesome-selfhosted,2470,1723,0,9.0,JavaScript,557,663
46,microsoft/TypeScript,2819,11544,152,0.0,TypeScript,27827,32986
47,ant-design/ant-design,2508,8088,449,120.0,TypeScript,22442,23200
48,puppeteer/puppeteer,1762,2227,85,110.0,TypeScript,3434,5236
49,avelino/awesome-go,2800,2641,0,4.0,Go,375,380
50,mui/material-ui,2757,12848,344,5.0,JavaScript,14191,15098
51,goldbergyoni/nodebestpractices,1633,717,0,39.0,JavaScript,262,291
52,PanJiaChen/vue-element-admin,1784,313,49,6.0,Vue,2292,3348
53,animate-css/animate.css,3798,306,22,90.0,CSS,795,810
54,iluwatar/java-design-patterns,2766,842,0,81.0,Java,474,694
55,tensorflow/models,2221,2214,21,40.0,Python,5667,6798
56,microsoft/PowerToys,1040,3057,56,32.0,C#,11040,13339
57,MisterBooo/LeetCodeAnimation,1186,63,0,32.0,Java,42,54
58,storybookjs/storybook,2179,6302,971,2.0,TypeScript,7160,8758
59,laravel/laravel,3924,1404,99,185.0,PHP,0,0
60,FortAwesome/Font-Awesome,3670,187,44,98.0,JavaScript,12292,18023
61,nvbn/thefuck,2524,466,17,119.0,Python,434,628
62,yangshun/tech-interview-handbook,2070,168,0,5.0,JavaScript,38,46
63,ryanmcdermott/clean-code-javascript,1927,146,0,5.0,JavaScript,78,118
64,gothinkster/realworld,2200,218,0,4.0,Shell,439,488
65,vuejs/awesome-vue,2329,3273,0,154.0,None,179,204
66,rust-lang/rust,4281,38846,96,24.0,Rust,34902,42769
67,practical-tutorials/project-based-learning,1789,174,0,49.0,None,38,50
68,django/django,3599,7229,0,36.0,Python,0,0
69,tonsky/FiraCode,2672,117,29,11.0,Clojure,868,1169
70,moby/moby,3334,17135,101,37.0,Go,17338,21291
71,bitcoin/bitcoin,4095,11346,36,21.0,C++,6152,6762
72,Genymobile/scrcpy,1566,52,27,27.0,C,1851,2765
73,trimstray/the-book-of-secret-knowledge,1352,122,0,1.0,None,0,0
74,doocs/advanced-java,1247,64,1,92.0,Java,122,126
75,webpack/webpack,3648,4123,376,90.0,JavaScript,8700,8876
76,opencv/opencv,3517,10419,57,51.0,C++,6733,8699
77,spring-projects/spring-boot,3425,41,125,26.0,Java,24146,24697
78,typicode/json-server,3021,100,10,49.0,JavaScript,445,982
79,angular/angular.js,4442,788,0,355.0,JavaScript,8646,9037
80,huggingface/transformers,1224,5734,88,75.0,Python,8446,8780
81,apple/swift,2326,36344,38,71.0,C++,0,0
82,elastic/elasticsearch,4409,47381,77,71.0,Java,25951,29306
83,hakimel/reveal.js,3925,356,37,19.0,JavaScript,1490,2093
84,thedaviddias/Front-End-Checklist,1602,169,1,6.0,None,129,130
85,netdata/netdata,3184,4991,51,50.0,C,6360,6544
86,pallets/flask,4352,1304,16,106.0,Python,2254,2268
87,reduxjs/redux,2473,1498,66,188.0,TypeScript,1899,1939
88,gohugoio/hugo,3167,1613,181,97.0,Go,5209,5844
89,atom/atom,3698,3923,536,75.0,JavaScript,16080,16877
90,sveltejs/svelte,1932,2304,0,166.0,TypeScript,3669,4235
91,kdn251/interviews,1846,42,0,11.0,Java,18,47
92,macrozheng/mall,1432,0,1,292.0,Java,396,417
93,chartjs/Chart.js,3276,2600,86,19.0,JavaScript,6213,6345
94,expressjs/express,4636,238,144,92.0,JavaScript,3563,3672
95,gin-gonic/gin,2820,790,20,14.0,Go,1386,1775
96,jquery/jquery,4720,545,2,112.0,JavaScript,2094,2164
97,nvm-sh/nvm,4343,649,60,86.0,Shell,1432,1718
98,xingshaocheng/architect-awesome,1430,49,0,421.0,None,19,65
99,socketio/socket.io,4378,407,47,6.0,TypeScript,3065,3170
100,adam-p/markdown-here,3584,20,11,31.0,JavaScript,307,589
101,keras-team/keras,2535,2570,35,106.0,Python,10886,11131
102,pytorch/pytorch,2031,5029,38,102.0,C++,17105,24794
103,tailwindlabs/tailwindcss,1612,1321,191,14.0,JavaScript,2163,2174
104,shadowsocks/shadowsocks-windows,3338,278,55,216.0,C#,2685,2756
105,fatedier/frp,2267,361,68,19.0,Go,2174,2264
106,redis/redis,4733,2593,28,117.0,C,3675,5281
107,ripienaar/free-for-dev,2545,1774,0,143.0,HTML,0,0
108,josephmisiti/awesome-machine-learning,2791,718,0,45.0,Python,72,73
109,papers-we-love/papers-we-love,3003,396,0,93.0,Shell,123,150
110,protocolbuffers/protobuf,2749,3473,92,38.0,C++,3930,4864
111,521xueweihan/HelloGitHub,2132,14,16,256.0,Python,2042,2050
112,chrislgarry/Apollo-11,2894,302,0,8.0,Assembly,313,371
113,mtdvio/every-programmer-should-know,1655,86,0,171.0,None,17,34
114,gatsbyjs/gatsby,2481,16260,106,68.0,JavaScript,13173,13306
115,h5bp/html5-boilerplate,4424,580,32,88.0,JavaScript,1241,1250
116,h5bp/Front-end-Developer-Interview-Questions,3678,402,0,90.0,Nunjucks,118,121
117,lodash/lodash,3620,573,2,87.0,JavaScript,3741,3968
118,ansible/ansible,3652,34751,3,163.0,Python,29142,30154
119,coder/code-server,1103,976,71,119.0,TypeScript,2545,2790
120,kelseyhightower/nocode,1489,1,1,222.0,Dockerfile,546,4237
121,ElemeFE/element,2010,3157,138,411.0,Vue,14912,16895
122,neovim/neovim,2956,6468,25,10.0,Vim script,6553,7726
123,resume/resume.github.com,4046,84,0,50.0,JavaScript,56,93
124,rails/rails,5077,19352,57,68.0,Ruby,15055,15412
125,home-assistant/core,3092,33811,894,23.0,Python,25992,27286
126,apache/echarts,3259,971,98,187.0,TypeScript,13273,15258
127,Semantic-Org/Semantic-UI,3254,351,153,1145.0,JavaScript,5238,6180
128,Hack-with-Github/Awesome-Hacking,2167,25,0,8.0,None,0,0
129,scikit-learn/scikit-learn,4219,8598,26,68.0,Python,7544,9213
130,florinpop17/app-ideas,1105,149,0,9.0,None,31,74
131,jaywcjlove/awesome-mac,2058,596,1,42.0,JavaScript,233,315
132,awesomedata/awesome-public-datasets,2663,188,0,178.0,None,46,97
133,leonardomso/33-js-concepts,1279,135,0,33.0,JavaScript,32,39
134,grafana/grafana,3007,18389,273,16.0,TypeScript,21377,23392
135,iptv-org/iptv,1208,3648,0,71.0,JavaScript,1827,2151
136,scutan90/DeepLearning-500-questions,1348,302,0,54.0,JavaScript,80,177
137,enaqx/awesome-react,2769,763,0,30.0,None,68,83
138,psf/requests,4039,1434,2,313.0,Python,3373,3539
139,necolas/normalize.css,3959,56,0,26.0,CSS,447,486
140,azl397985856/leetcode,1437,226,39,44.0,JavaScript,226,233
141,godotengine/godot,2983,20367,37,71.0,C++,26393,32328
142,ionic-team/ionic-framework,3120,3327,279,25.0,TypeScript,19145,19749
143,spring-projects/spring-framework,4106,709,222,25.0,Java,20596,21699
144,moment/moment,4023,709,0,169.0,JavaScript,3800,3950
145,remix-run/react-router,2851,1370,172,215.0,TypeScript,6251,6310
146,sdmg15/Best-websites-a-programmer-should-visit,1827,339,0,1.0,None,56,76
147,ReactiveX/RxJava,3344,3066,227,707.0,Java,3069,3079
148,DopplerHQ/awesome-interview-questions,2290,175,0,115.0,None,28,29
149,google/material-design-icons,2706,35,16,110.0,None,880,1083
150,jgthms/bulma,2234,582,16,14.0,CSS,2172,2387
151,nestjs/nest,1856,3777,63,106.0,TypeScript,3988,4045
152,GrowingGit/GitHub-Chinese-Top-Charts,913,0,0,204.0,Java,144,219
153,apache/superset,2420,8358,69,51.0,TypeScript,6911,7818
154,mermaid-js/mermaid,2682,905,84,74.0,JavaScript,1111,1708
155,TheAlgorithms/Java,2059,724,0,8.0,Java,602,611
156,tesseract-ocr/tesseract,2763,1259,21,16.0,C++,1934,2282
157,jekyll/jekyll,4885,2993,102,314.0,Ruby,4434,4520
158,sindresorhus/awesome-nodejs,2795,387,0,25.0,None,95,95
159,google/guava,2838,357,35,16.0,Java,2688,3333
160,strapi/strapi,2349,4393,215,10.0,JavaScript,5650,6187
161,NARKOZ/hacker-scripts,2297,62,0,352.0,JavaScript,37,71
162,ageitgey/face_recognition,1829,87,2,76.0,Python,557,1207
163,syncthing/syncthing,3022,2096,289,13.0,Go,4494,4787
164,soimort/you-get,3485,549,114,256.0,Python,0,0
165,python/cpython,1850,25408,0,132.0,Python,0,0
166,scrapy/scrapy,4395,1772,25,59.0,Python,2090,2591
167,meteor/meteor,3699,1552,0,578.0,JavaScript,8587,8696
168,tiangolo/fastapi,1184,808,119,15.0,Python,1779,2724
169,3b1b/manim,2541,484,8,12.0,Python,625,942
170,junegunn/fzf,3056,307,14,50.0,Go,1852,2090
171,serverless/serverless,2511,4109,319,208.0,JavaScript,4704,5553
172,microsoft/Web-Dev-For-Beginners,481,312,0,2.0,JavaScript,174,178
173,wasabeef/awesome-android-ui,2629,89,0,35.0,None,91,94
174,prettier/prettier,1923,5800,79,129.0,JavaScript,4566,5382
175,minimaxir/big-list-of-naughty-strings,2402,90,0,40.0,Python,29,83
176,lydiahallie/javascript-questions,998,278,0,10.0,None,128,188
177,juliangarnier/anime,2184,71,14,15.0,JavaScript,481,640
178,square/okhttp,3513,2806,0,289.0,Kotlin,3457,3579
179,aymericdamien/TensorFlow-Examples,2307,88,0,396.0,Jupyter Notebook,68,226
180,prometheus/prometheus,3389,4455,209,366.0,Go,4032,4454
181,git/git,4974,3,0,142.0,C,0,0
182,ziishaned/learn-regex,1688,124,0,86.0,None,33,79
183,ColorlibHQ/AdminLTE,2993,1033,72,6.0,JavaScript,2603,2641
184,JetBrains/kotlin,3674,1938,180,91.0,Kotlin,0,0
185,babel/babel,2716,4618,293,692.0,TypeScript,7419,8057
186,yarnpkg/yarn,2238,1652,148,199.0,JavaScript,4533,6339
187,deepfakes/faceswap,1538,331,3,2.0,Python,710,732
188,parcel-bundler/parcel,1672,1876,14,142.0,JavaScript,3751,4441
189,android/architecture-samples,2221,179,0,332.0,Kotlin,284,414
190,astaxie/build-web-application-with-golang,3503,757,0,256.0,Go,181,289
191,TryGhost/Ghost,3228,6240,498,227.0,JavaScript,6251,6282
192,square/retrofit,4199,757,0,290.0,Java,2423,2556
193,Solido/awesome-flutter,1764,407,0,74.0,Dart,0,0
194,nuxt/nuxt.js,1957,2340,150,56.0,JavaScript,6155,6627
195,prakhar1989/awesome-courses,2668,184,0,25.0,None,34,64
196,v2ray/v2ray-core,2375,202,247,214.0,Go,2407,2425
197,vsouza/awesome-ios,2796,2152,0,198.0,Swift,444,446
198,etcd-io/etcd,3165,6613,209,0.0,Go,5552,5681
199,localstack/localstack,1958,2013,45,301.0,Python,2989,3337
200,MunGell/awesome-for-beginners,2325,329,0,4.0,None,91,96
201,nwjs/nw.js,3714,564,0,428.0,JavaScript,6130,7006
202,vitejs/vite,684,1594,58,58.0,TypeScript,2785,3499
203,Dogfalo/materialize,2732,449,41,255.0,JavaScript,4582,5206
204,gogs/gogs,2944,1285,62,54.0,Go,4058,4823
205,JuliaLang/julia,3972,18453,116,71.0,Julia,17759,21069
206,k88hudson/git-flight-rules,2784,208,0,356.0,None,52,66
207,hoppscotch/hoppscotch,928,871,14,26.0,Vue,679,726
208,anuraghazra/github-readme-stats,605,348,0,18.0,JavaScript,555,647
209,facebook/jest,3008,4484,155,302.0,TypeScript,5274,6706
210,x64dbg/x64dbg,2521,558,3,180.0,C++,1618,2103
211,iamkun/dayjs,1426,593,105,440.0,JavaScript,654,1024
212,DefinitelyTyped/DefinitelyTyped,3439,42373,1,263.0,TypeScript,7099,7649
213,karan/Projects,3167,19,0,25.0,None,32,66
214,vercel/hyper,2074,2328,75,277.0,TypeScript,2718,3465
215,alacritty/alacritty,2208,1398,71,22.0,Rust,3802,4096
216,mozilla/pdf.js,3967,5516,41,260.0,JavaScript,7768,8101
217,bailicangdu/vue2-elm,1899,20,0,253.0,Vue,482,574
218,caddyserver/caddy,2609,1302,91,60.0,Go,2790,2877
219,binhnguyennus/awesome-scalability,1530,25,0,32.0,None,0,0
220,tldr-pages/tldr,3010,6129,2,3.0,Markdown,728,884
221,danielmiessler/SecLists,3668,410,15,39.0,PHP,156,177
222,justjavac/awesome-wechat-weapp,1991,257,0,286.0,None,0,0
223,Alamofire/Alamofire,2775,531,88,313.0,Swift,2577,2606
224,traefik/traefik,2366,3341,355,3.0,Go,4251,4848
225,apache/dubbo,3547,3089,46,632.0,Java,4671,5023
226,fighting41love/funNLP,1293,9,0,85.0,Python,29,45
227,cypress-io/cypress,2559,3631,261,31.0,JavaScript,7482,9552
228,obsproject/obs-studio,3078,2444,155,11.0,C,1492,1977
229,impress/impress.js,3721,103,14,617.0,JavaScript,400,450
230,Unitech/pm2,3211,529,118,78.0,JavaScript,3943,4490
231,FreeCodeCampChina/freecodecamp.cn,1983,55,0,374.0,CSS,444,585
232,bradtraversy/design-resources-for-developers,669,750,0,5.0,None,68,68
233,algorithm-visualizer/algorithm-visualizer,2121,181,0,150.0,JavaScript,65,84
234,ocornut/imgui,2785,280,78,18.0,C++,3240,3841
235,fffaraz/awesome-cpp,2789,478,0,95.0,None,164,507
236,styled-components/styled-components,2028,835,114,105.0,TypeScript,2439,2510
237,dcloudio/uni-app,1333,193,0,285.0,JavaScript,2078,2982
238,ethereum/go-ethereum,2992,5130,155,116.0,Go,6021,6239
239,pixijs/pixijs,3331,2293,147,36.0,TypeScript,4643,4739
240,Textualize/rich,847,484,128,28.0,Python,670,697
241,swisskyrepo/PayloadsAllTheThings,1965,339,1,21.0,Python,0,0
242,pi-hole/pi-hole,2828,1371,75,224.0,Shell,2440,2465
243,chinese-poetry/chinese-poetry,2011,103,1,536.0,JavaScript,79,153
244,discourse/discourse,3340,13613,0,222.0,Ruby,0,0
245,GitSquared/edex-ui,1863,399,29,234.0,JavaScript,553,559
246,Avik-Jain/100-Days-Of-ML-Code,1340,6,0,5.0,None,0,0
247,huginn/huginn,3283,915,0,171.0,Ruby,1400,1921
248,microsoft/playwright,842,6829,63,50.0,TypeScript,4144,4554
249,nodejs/node-v0.x-archive,4666,218,0,846.0,None,5845,6380
250,PhilJay/MPAndroidChart,2872,190,44,74.0,Java,2843,4766
251,hexojs/hexo,3451,762,103,235.0,JavaScript,3696,3768
252,fastlane/fastlane,2651,5853,515,68.0,Ruby,11833,11956
253,tauri-apps/tauri,967,1988,243,5.0,Rust,922,1057
254,FiloSottile/mkcert,1350,49,13,92.0,Go,202,286
255,tiimgreen/github-cheat-sheet,2885,129,0,217.0,None,41,48
256,ryanoasis/nerd-fonts,2648,171,21,31.0,CSS,323,551
257,CorentinJ/Real-Time-Voice-Cloning,1015,48,0,42.0,Python,817,853
258,slatedocs/slate,3096,270,26,100.0,SCSS,546,579
259,adobe/brackets,3742,4333,69,957.0,JavaScript,7067,9687
260,vuetifyjs/vuetify,2001,2858,419,118.0,TypeScript,9571,10562
261,grpc/grpc,2645,15034,189,49.0,C++,9240,10048
262,0voice/interview_internal_reference,1000,35,0,71.0,Python,18,44
263,commaai/openpilot,1928,3933,44,59.0,Python,1360,1464
264,php/php-src,3916,957,0,402.0,C,166,248
265,jakevdp/PythonDataScienceHandbook,2034,28,0,210.0,Jupyter Notebook,65,152
266,isocpp/CppCoreGuidelines,2391,712,4,330.0,Python,778,966
267,AFNetworking/AFNetworking,3932,709,40,317.0,Objective-C,3059,3123
268,alvarotrigo/fullPage.js,3089,268,70,699.0,JavaScript,3627,3818
269,dypsilon/frontend-dev-bookmarks,3179,129,1,172.0,None,79,96
270,alex/what-happens-when,3041,108,0,15.0,None,19,111
271,Leaflet/Leaflet,4183,2346,22,3.0,JavaScript,4329,4710
272,yangshun/front-end-interview-handbook,1513,210,0,5.0,JavaScript,61,75
273,shadowsocks/shadowsocks,3607,70,2,207.0,Python,0,0
274,pandas-dev/pandas,4212,18608,84,71.0,Python,18839,22133
275,Alvin9999/new-pac,2174,0,0,149.0,None,892,1184
276,videojs/video.js,4314,1476,262,338.0,JavaScript,4304,4700
277,kamranahmedse/design-patterns-for-humans,1844,47,0,266.0,None,44,52
278,sharkdp/bat,1415,944,35,22.0,Rust,895,1015
279,Developer-Y/cs-video-courses,1962,94,0,6.0,None,52,57
280,apachecn/ailearning,1835,467,2,319.0,Python,100,102
281,ngosang/trackerslist,2142,1,0,18.0,None,306,309
282,sahat/hackathon-starter,3035,301,13,486.0,JavaScript,583,607
283,airbnb/lottie-android,1977,532,40,359.0,Java,1386,1401
284,gulpjs/gulp,3167,395,22,124.0,JavaScript,1836,1862
285,shadowsocks/shadowsocks-android,3367,241,180,94.0,Kotlin,2343,2371
286,koajs/koa,3151,438,0,172.0,JavaScript,826,859
287,BVLC/caffe,3097,1087,14,433.0,C++,3882,4769
288,bumptech/glide,3163,382,38,145.0,Java,3752,4075
289,exacity/deeplearningbook-chinese,1915,16,7,686.0,TeX,136,195
290,apache/spark,2931,5,0,245.0,Scala,0,0
291,PowerShell/PowerShell,2244,5270,108,48.0,C#,6788,9906
292,quilljs/quill,3506,217,82,219.0,JavaScript,1884,2996
293,ventoy/Ventoy,726,90,68,49.0,C,899,1156
294,typescript-cheatsheets/react,1373,255,0,71.0,JavaScript,158,160
295,minio/minio,2608,7014,301,105.0,Go,5801,5813
296,google/material-design-lite,2608,655,14,75.0,HTML,1802,2163
297,lerna/lerna,2284,581,169,133.0,JavaScript,1488,2190
298,zenorocha/clipboard.js,2361,105,41,206.0,JavaScript,587,589
299,floodsung/Deep-Learning-Papers-Reading-Roadmap,1969,28,0,480.0,Python,4,47
300,RocketChat/Rocket.Chat,2483,7950,621,260.0,JavaScript,11406,13981
301,immutable-js/immutable-js,2804,440,61,419.0,TypeScript,1112,1203
302,rclone/rclone,2912,1201,81,208.0,Go,3665,4330
303,NationalSecurityAgency/ghidra,1101,251,19,36.0,Java,1865,2992
304,iperov/DeepFaceLab,1371,32,2,21.0,Python,724,1123
305,akullpp/awesome-java,2797,605,0,269.0,None,109,111
306,ant-design/ant-design-pro,1654,874,25,374.0,TypeScript,8012,8162
307,hashicorp/terraform,2915,9831,199,16.0,Go,16827,18261
308,wg/wrk,3638,0,0,78.0,C,252,363
309,photonstorm/phaser,3250,1464,120,9.0,JavaScript,3703,3844
310,Kong/kong,2666,2923,115,58.0,Lua,3573,3810
311,preactjs/preact,2368,1264,158,110.0,JavaScript,1334,1479
312,Homebrew/brew,2191,7683,242,127.0,Ruby,3424,3442
313,facebook/docusaurus,1720,3770,113,62.0,TypeScript,1951,2096
314,blueimp/jQuery-File-Upload,4113,119,0,145.0,PHP,3258,3307
315,jondot/awesome-react-native,2537,912,0,543.0,JavaScript,34,64
316,XX-net/XX-Net,2607,359,315,398.0,Python,5180,12948
317,open-guides/og-aws,2062,492,0,226.0,Shell,86,218
318,Trinea/android-open-project,2982,201,0,667.0,None,68,80
319,evanw/esbuild,2091,164,156,2.0,Go,1574,1788
320,faif/python-patterns,3560,254,0,78.0,Python,65,76
321,NervJS/taro,1428,2011,113,523.0,TypeScript,7532,8343
322,pingcap/tidb,2373,18357,144,69.0,Go,8545,10871
323,testerSunshine/12306,1754,31,1,726.0,Python,465,674
324,dylanaraps/pure-bash-bible,1362,28,0,195.0,Shell,30,63
325,google-research/bert,1228,32,0,225.0,Python,343,1095
326,d2l-ai/d2l-zh,1656,920,14,81.0,Python,0,0
327,Blankj/AndroidUtilCode,2045,79,116,197.0,Java,1245,1400
328,agalwood/Motrix,1174,144,14,47.0,JavaScript,476,951
329,nolimits4web/swiper,3644,477,15,32.0,JavaScript,4136,4292
330,kelseyhightower/kubernetes-the-hard-way,2068,69,0,210.0,None,287,353
331,wagoodman/dive,1393,115,24,10.0,Go,143,247
332,getsentry/sentry,4206,24492,86,52.0,Python,4546,4859
333,xitu/gold-miner,2314,3454,0,494.0,None,5396,5424
334,shadowsocks/ShadowsocksX-NG,2095,60,26,145.0,Swift,1025,1272
335,Eugeny/tabby,1899,1177,153,58.0,TypeScript,2191,2998
336,bilibili/ijkplayer,3198,35,0,623.0,C,2491,5149
337,google/styleguide,2482,134,0,61.0,HTML,106,286
338,geekxh/hello-algorithm,646,24,0,235.0,Java,32,36
339,golang-standards/project-layout,1639,45,0,61.0,Makefile,26,77
340,nativefier/nativefier,2436,227,83,258.0,TypeScript,890,1071
341,jaredpalmer/formik,1726,743,170,178.0,TypeScript,1479,2045
342,carbon-app/carbon,1724,614,209,12.0,JavaScript,566,582
343,sherlock-project/sherlock,1168,386,0,45.0,Python,510,587
344,marktext/marktext,1575,920,35,123.0,JavaScript,1477,2088
345,eugenp/tutorials,3233,8122,0,171.0,Java,533,564
346,BurntSushi/ripgrep,2186,418,66,46.0,Rust,1205,1313
347,AobingJava/JavaFamily,845,2,0,269.0,None,58,58
348,istio/istio,1934,17209,238,72.0,Go,14762,15323
349,serhii-londar/open-source-mac-os-apps,1584,481,0,75.0,Swift,131,163
350,GokuMohandas/MadeWithML,1217,140,0,29.0,Jupyter Notebook,32,32
351,dkhamsing/open-source-ios-apps,2596,687,36,27.0,Swift,231,232
352,iina/iina,1903,387,38,230.0,Swift,1684,2929
353,google/zx,305,45,32,49.0,JavaScript,188,195
354,supabase/supabase,876,1349,18,36.0,TypeScript,854,1055
355,microsoft/ML-For-Beginners,368,301,0,44.0,Jupyter Notebook,120,121
356,skylot/jadx,3275,310,18,232.0,Java,828,1029
357,SheetJS/sheetjs,3380,99,0,79.0,JavaScript,2098,2160
358,zxing/zxing,3798,195,27,962.0,Java,1138,1144
359,foundation/foundation-sites,3797,2937,75,535.0,HTML,8098,8126
360,brillout/awesome-react-components,2081,246,0,181.0,None,40,41
361,formulahendry/955.WLB,1075,16,0,126.0,None,68,229
362,gorhill/uBlock,2531,196,236,164.0,JavaScript,3416,3451
363,joshbuchea/HEAD,2146,86,0,663.0,None,73,85
364,vuejs/vue-cli,2262,1246,166,217.0,JavaScript,4409,5196
365,unknwon/the-way-to-go_ZH_CN,3269,571,0,300.0,Go,0,0
366,nlohmann/json,3167,516,40,93.0,C++,1932,1965
367,lukehoban/es6features,2925,41,0,485.0,None,36,55
368,ariya/phantomjs,4087,562,0,631.0,C++,4721,4736
369,certbot/certbot,2671,3415,27,22.0,Python,4441,4967
370,go-gitea/gitea,1951,8972,139,110.0,Go,6853,8663
371,netty/netty,4135,2386,0,311.0,Java,5276,5742
372,bayandin/awesome-awesomeness,2798,195,0,90.0,Ruby,49,61
373,google/leveldb,2748,56,21,109.0,C++,511,660
374,alibaba/arthas,1285,383,39,240.0,Java,1292,1464
375,laurent22/joplin,1875,1289,255,32.0,TypeScript,4069,4378
376,FFmpeg/FFmpeg,3979,16,11,373.0,C,0,0
377,microsoft/monaco-editor,2098,152,0,3.0,JavaScript,2104,2714
378,CSSEGISandData/COVID-19,761,1407,0,66.0,None,1874,3454
379,streamich/react-use,1226,1465,247,299.0,TypeScript,210,466
380,chubin/cheat.sh,1764,121,0,147.0,Python,103,193
381,satwikkansal/wtfpython,1651,89,2,121.0,Python,112,156
382,react-boilerplate/react-boilerplate,2573,715,16,185.0,JavaScript,1813,1870
383,date-fns/date-fns,2708,995,101,36.0,TypeScript,1081,1367
384,jeecgboot/jeecg-boot,1196,12,17,222.0,Java,2899,2919
385,jgraph/drawio,2007,31,640,111.0,JavaScript,2066,2287
386,koalaman/shellcheck,3396,247,27,200.0,Haskell,1395,2133
387,fxsjy/jieba,3445,96,9,218.0,Python,209,793
388,vuejs/core,1363,1659,116,139.0,TypeScript,2373,2697
389,freeCodeCamp/devdocs,3055,415,0,425.0,Ruby,881,978
390,jashkenas/backbone,4175,857,0,17.0,JavaScript,2350,2394
391,beego/beego,3658,1094,12,208.0,Go,3106,3124
392,tastejs/todomvc,3929,719,5,490.0,JavaScript,628,756
393,metabase/metabase,2589,8912,254,36.0,Clojure,8494,10572
394,codepath/android_guides,3182,10,0,358.0,None,216,371
395,shengxinjing/programmer-job-blacklist,2080,16,0,389.0,Shell,178,322
396,poteto/hiring-without-whiteboards,1817,1062,0,54.0,JavaScript,0,0
397,gto76/python-cheatsheet,1501,13,0,71.0,Python,35,40
398,mathiasbynens/dotfiles,3835,44,0,486.0,Shell,238,370
399,cli/cli,885,1208,89,32.0,Go,2163,2510
400,caolan/async,4296,453,7,175.0,JavaScript,1092,1097
401,dotnet/aspnetcore,2917,10415,136,74.0,C#,22857,25122
402,typeorm/typeorm,2197,1573,11,254.0,TypeScript,5110,6554
403,aosabook/500lines,3044,175,0,192.0,JavaScript,39,68
404,vuejs/vuex,2425,651,51,133.0,JavaScript,1131,1209
405,kenwheeler/slick,2904,235,48,460.0,JavaScript,2357,3486
406,Homebrew/legacy-homebrew,4673,222,0,35.0,None,17037,17037
407,square/leakcanary,2503,780,29,224.0,Kotlin,1302,1389
408,LeCoupa/awesome-cheatsheets,1578,149,0,51.0,JavaScript,39,54
409,excalidraw/excalidraw,794,2394,3,207.0,TypeScript,1248,1741
410,ityouknow/spring-boot-examples,1947,7,0,284.0,Java,97,105
411,vlang/v,1122,6565,90,29.0,V,4769,5477
412,markedjs/marked,3878,756,68,104.0,JavaScript,1175,1222
413,go-gorm/gorm,3054,492,2,264.0,Go,4192,4237
414,jgraph/drawio-desktop,1746,16,85,10.0,Shell,707,805
415,sorrycc/awesome-javascript,2805,342,0,65.0,None,75,77
416,alibaba/p3c,1717,62,0,272.0,Kotlin,682,754
417,mastodon/mastodon,2204,9460,161,240.0,Ruby,4466,6473
418,openai/gym,2139,789,10,75.0,Python,1406,1499
419,standard/standard,2595,384,3,100.0,JavaScript,1100,1174
420,junegunn/vim-plug,3099,161,5,261.0,Vim script,830,906
421,crossoverJie/JCSprout,1540,69,0,254.0,Java,59,89
422,ReactiveX/rxjs,2548,2378,0,423.0,TypeScript,2797,2992
423,symfony/symfony,4444,18174,353,53.0,PHP,16593,17122
424,rapid7/metasploit-framework,3841,9014,0,122.0,Ruby,4519,4994
425,react-hook-form/react-hook-form,1097,1574,456,14.0,TypeScript,3003,3003
426,amix/vimrc,3568,89,0,69.0,Vim script,453,478
427,Fndroid/clash_for_windows_pkg,1235,2,156,136.0,None,2398,2498
428,laravel/framework,3342,12093,488,29.0,PHP,15784,15789
429,vim/vim,2392,3,0,10.0,Vim script,4916,6014
430,elsewhencode/project-guidelines,1710,110,0,65.0,JavaScript,28,37
431,apolloconfig/apollo,2193,1153,34,415.0,Java,2609,2725
432,atlassian/react-beautiful-dnd,1670,521,67,13.0,JavaScript,998,1443
433,fzaninotto/Faker,3796,824,12,140.0,PHP,494,570
434,airbnb/lottie-web,2571,97,0,200.0,JavaScript,1774,2549
435,jashkenas/underscore,4515,730,0,88.0,JavaScript,1367,1399
436,2dust/v2rayN,950,43,90,139.0,C#,1841,1861
437,pyenv/pyenv,3474,620,54,22.0,Roff,1367,1406
438,composer/composer,3924,2429,138,569.0,PHP,6783,6950
439,ziadoz/awesome-php,3022,379,0,234.0,None,117,120
440,mitmproxy/mitmproxy,4401,1809,43,488.0,Python,2508,2763
441,Tencent/weui,2635,178,28,772.0,HTML,604,645
442,jesseduffield/lazygit,1387,668,134,116.0,Go,666,946
443,hasura/graphql-engine,1357,2103,120,349.0,Haskell,3081,4672
444,mqyqingfeng/Blog,1819,3,0,331.0,None,94,263
445,houshanren/hangzhou_house_knowledge,1471,6,0,399.0,CSS,0,0
446,raywenderlich/swift-algorithm-club,2231,608,0,95.0,Swift,180,206
447,webtorrent/webtorrent,3064,547,53,202.0,JavaScript,1392,1491
448,romkatv/powerlevel10k,1106,103,29,77.0,Shell,1623,1640
449,postcss/postcss,3085,671,219,88.0,TypeScript,845,857
450,psf/black,1453,868,19,5.0,Python,1553,1849
451,IanLunn/Hover,2985,22,10,250.0,CSS,82,102
452,sequelize/sequelize,4245,3079,395,170.0,JavaScript,8825,9612
453,tannerlinsley/react-query,908,826,324,23.0,TypeScript,854,873
454,typicode/husky,2813,180,56,123.0,JavaScript,797,806
455,sentsin/layui,2357,32,48,436.0,JavaScript,125,758
456,JakeWharton/butterknife,3288,346,0,1370.0,Java,1074,1169
457,ZuzooVn/machine-learning-for-software-engineers,1974,57,0,29.0,None,3,19
458,aria2/aria2,4117,195,23,39.0,C++,734,1586
459,naptha/tesseract.js,2447,83,33,415.0,JavaScript,373,478
460,lib-pku/libpku,1200,22,0,338.0,TeX,30,36
461,herrbischoff/awesome-macos-command-line,2357,104,0,325.0,None,0,0
462,nvie/gitflow,4428,36,0,197.0,Shell,123,349
463,acmesh-official/acme.sh,2262,1082,35,185.0,Shell,1620,2319
464,denysdovhan/wtfjs,1696,83,17,101.0,JavaScript,85,90
465,QSCTech/zju-icicles,2077,135,0,254.0,HTML,40,46
466,niklasvh/html2canvas,3886,186,45,816.0,TypeScript,1620,2330
467,spf13/cobra,3106,414,15,4.0,Go,645,850
468,VincentGarreau/particles.js,2738,21,6,403.0,JavaScript,89,377
469,request/request,4060,650,0,579.0,JavaScript,2130,2218
470,google/googletest,2413,711,3,44.0,C++,1706,1887
471,rethinkdb/rethinkdb,3414,405,69,301.0,C++,4949,6348
472,proxyee-down-org/proxyee-down,1593,16,49,1001.0,Java,0,0
473,angular/angular-cli,2467,6999,474,355.0,TypeScript,13299,13534
474,select2/select2,3654,688,29,148.0,JavaScript,4622,4686
475,tabler/tabler,1494,226,31,122.0,HTML,469,534
476,github/fetch,2701,146,38,431.0,JavaScript,570,585
477,alibaba/druid,3776,935,43,233.0,Java,1322,3476
478,Modernizr/Modernizr,4545,786,25,89.0,JavaScript,1307,1468
479,docker/compose,3009,2186,161,208.0,Go,5419,6075
480,hankcs/HanLP,2705,69,56,236.0,Python,1315,1318
481,Advanced-Frontend/Daily-Interview-Question,1142,15,0,448.0,JavaScript,291,535
482,danielgindi/Charts,2543,388,33,67.0,Swift,3216,3957
483,apache/airflow,2519,11158,44,79.0,Python,4271,5031
484,transloadit/uppy,2302,1669,11,340.0,JavaScript,1636,1701
485,facebookresearch/Detectron,1613,0,0,399.0,Python,614,914
486,Anduin2017/HowToCook,736,248,0,14.0,JavaScript,119,304
487,dbeaver/dbeaver,2328,2231,147,13.0,Java,10763,12188
488,xkcoding/spring-boot-demo,1577,14,0,256.0,Java,71,139
489,mobxjs/mobx,2549,965,69,188.0,TypeScript,1772,1784
490,jgm/pandoc,4369,1278,108,125.0,Haskell,5434,6174
491,donnemartin/interactive-coding-challenges,2504,176,0,236.0,Python,29,62
492,cheeriojs/cheerio,3801,953,55,176.0,TypeScript,1033,1053
493,geekcomputers/Python,3749,995,0,79.0,Python,94,244
494,trailofbits/algo,2121,493,2,148.0,Jinja,1372,1471
495,geekcompany/ResumeSample,2736,2,0,200.0,None,0,0
496,nylas/nylas-mail,2698,139,53,624.0,JavaScript,2434,3420
497,harness/drone,2949,935,17,233.0,Go,0,0
498,rust-unofficial/awesome-rust,2789,979,0,46.0,Rust,91,104
499,GitbookIO/gitbook,2897,214,0,69.0,JavaScript,0,0
500,codemirror/CodeMirror,4069,546,158,17.0,JavaScript,3639,4054
501,Dreamacro/clash,1365,218,41,152.0,Go,1265,1319
502,chakra-ui/chakra-ui,932,1675,1585,68.0,TypeScript,2310,2427
503,realpython/python-guide,4009,676,0,147.0,Batchfile,173,261
504,SortableJS/Sortable,2999,241,23,165.0,JavaScript,1262,1610
505,hashicorp/consul,3044,6591,92,67.0,Go,3809,4743
506,odoo/odoo,2854,6131,0,72.0,JavaScript,12663,14795
507,0xAX/linux-insides,2619,541,0,350.0,Python,132,173
508,fengdu78/Coursera-ML-AndrewNg-Notes,1583,9,0,477.0,HTML,14,60
509,JedWatson/react-select,2749,947,29,289.0,TypeScript,3085,3239
510,topjohnwu/Magisk,2005,940,122,6.0,C++,3943,3982
511,GoogleChrome/lighthouse,2189,4184,83,90.0,JavaScript,7670,8158
512,CamDavidsonPilon/Probabilistic-Programming-and-Bayesian-Methods-for-Hackers,3338,239,0,192.0,Jupyter Notebook,87,232
513,alibaba/fastjson,3776,411,83,625.0,Java,1570,3229
514,ajaxorg/ace,4148,1405,0,34.0,JavaScript,1903,2709
515,johnpapa/angular-styleguide,2777,331,0,625.0,None,361,424
516,ageron/handson-ml,2210,54,0,160.0,Jupyter Notebook,429,545
517,bannedbook/fanqiang,2608,2,13,378.0,Kotlin,387,635
518,SDWebImage/SDWebImage,4549,800,105,52.0,Objective-C,2012,2097
519,rstacruz/nprogress,3120,34,7,149.0,JavaScript,48,141
520,qiurunze123/miaosha,1269,16,0,382.0,Java,38,67
521,goabstract/Awesome-Design-Tools,1118,283,0,25.0,JavaScript,25,26
522,Automattic/mongoose,4352,1581,21,360.0,JavaScript,8916,9239
523,tmux/tmux,2468,1,33,32.0,C,2607,2631
524,iview/iview,2047,526,85,298.0,Vue,4454,5537
525,microsoft/calculator,1133,719,0,149.0,C++,616,862
526,curl/curl,4371,148,57,10.0,C,3178,3195
527,youngyangyang04/leetcode-master,813,927,0,6.0,None,31,97
528,cockroachdb/cockroach,2950,34280,0,62.0,Go,34932,39051
529,greenrobot/EventBus,3520,31,7,383.0,Java,455,559
530,parallax/jsPDF,4473,699,32,257.0,JavaScript,2084,2181
531,jobbole/awesome-python-cn,2315,51,0,580.0,Makefile,16,24
532,ycm-core/YouCompleteMe,3611,704,0,209.0,Python,3072,3099
533,ianstormtaylor/slate,2087,1494,68,122.0,TypeScript,2324,2789
534,remy/nodemon,4172,280,81,415.0,JavaScript,1469,1503
535,YMFE/yapi,2106,140,1,152.0,JavaScript,875,2238
536,hashicorp/vault,2566,8244,45,297.0,Go,3910,4751
537,halfrost/LeetCode-Go,1692,157,4,11.0,Go,47,57
538,pcottle/learnGitBranching,3492,472,0,243.0,JavaScript,382,392
539,terryum/awesome-deep-learning-papers,2102,39,0,258.0,TeX,11,26
540,ccxt/ccxt,1757,4742,0,97.0,JavaScript,6140,6650
541,CMU-Perceptual-Computing-Lab/openpose,1777,153,15,387.0,C++,1627,1757
542,akveo/ngx-admin,2111,325,18,1162.0,TypeScript,1299,1682
543,lenve/vhr,1522,1,0,244.0,Java,91,237
544,hashicorp/vagrant,4427,2491,0,52.0,Ruby,8505,9067
545,facebookresearch/fastText,2059,12,4,142.0,HTML,599,1008
546,kubernetes/minikube,2151,5391,130,110.0,Go,6636,7258
547,iamadamdev/bypass-paywalls-chrome,1429,123,31,6.0,JavaScript,997,997
548,cmderdev/cmder,3162,350,30,387.0,C++,2094,2119
549,dwmkerr/hacker-laws,1501,162,1,143.0,Shell,68,192
550,ggreer/the_silver_searcher,3760,399,0,551.0,C,402,791
551,scwang90/SmartRefreshLayout,1738,6,10,371.0,Java,1191,1410
552,bvaughn/react-virtualized,2315,452,4,243.0,JavaScript,709,1094
553,byoungd/English-level-up-tips,1741,23,0,267.0,None,50,62
554,nagadomi/waifu2x,2485,66,3,8.0,Lua,196,331
555,OAI/OpenAPI-Specification,2925,707,10,50.0,JavaScript,1321,1810
556,CodeHubApp/CodeHub,3148,13,4,139.0,C#,407,641
557,yunjey/pytorch-tutorial,1822,28,0,157.0,Python,112,174
558,influxdata/influxdb,3083,9170,69,621.0,Go,10915,12296
559,alebcay/awesome-shell,2799,286,0,488.0,None,19,47
560,Binaryify/NeteaseCloudMusicApi,2083,218,147,291.0,JavaScript,1032,1122
561,powerline/fonts,3364,72,1,433.0,Shell,92,237
562,alibaba/flutter-go,1153,158,4,214.0,Dart,0,0
563,SeleniumHQ/selenium,3338,925,73,4.0,Java,7845,7946
564,encode/django-rest-framework,4022,2674,14,132.0,Python,3608,3720
565,hammerjs/hammer.js,3656,114,0,372.0,JavaScript,759,1033
566,starship/starship,1069,1695,100,6.0,Rust,1026,1326
567,VundleVim/Vundle.vim,4158,86,0,199.0,Vim script,548,705
568,wuyouzhuguli/SpringAll,1404,1,0,341.0,Java,25,37
569,huihut/interview,1486,32,0,89.0,C++,39,42
570,PKUanonym/REKCARC-TSC-UHT,1066,94,0,13.0,HTML,14,24
571,gitlabhq/gitlabhq,3808,2227,0,854.0,Ruby,0,0
572,ultralytics/yolov5,657,1151,8,23.0,Python,4668,4879
573,alibaba/easyexcel,1489,100,1,316.0,Java,1981,2085
574,pypa/pipenv,1871,1066,21,122.0,Python,3082,3574
575,StreisandEffect/streisand,2905,527,0,11.0,Shell,929,1140
576,CymChad/BaseRecyclerViewAdapterHelper,2156,190,192,962.0,Java,2879,3322
577,sqlmapproject/sqlmap,3540,135,7,95.0,Python,4557,4607
578,rust-lang/rustlings,2364,431,24,31.0,Rust,270,341
579,mbeaudru/modern-js-cheatsheet,1630,81,0,277.0,None,37,45
580,explosion/spaCy,2803,2653,94,177.0,Python,4965,5046
581,donnemartin/data-science-ipython-notebooks,2599,31,0,142.0,Python,21,31
582,cfenollosa/os-tutorial,2715,11,0,340.0,C,86,141
583,meilisearch/meilisearch,1413,768,84,79.0,Rust,825,870
584,angular/components,2253,9540,271,144.0,TypeScript,11293,12976
585,pmndrs/react-spring,1460,296,30,274.0,TypeScript,1007,1054
586,airbnb/lottie-ios,1977,399,45,383.0,Swift,720,996
587,nocodb/nocodb,1589,272,46,28.0,Vue,416,632
588,go-kit/kit,2588,465,12,109.0,Go,510,544
589,sindresorhus/awesome-electron,2509,257,0,19.0,None,40,40
590,dokku/dokku,3193,2281,213,51.0,Shell,2303,2347
591,ClickHouse/ClickHouse,2103,20037,349,226.0,C++,8942,10777
592,firstcontributions/first-contributions,1993,39839,0,95.0,None,339,404
593,Netflix/Hystrix,3394,672,79,107.0,Java,678,1019
594,balena-io/etcher,2322,1584,155,170.0,TypeScript,1517,1861
595,hollischuang/toBeTopJavaer,1228,52,0,134.0,Java,61,94
596,fastify/fastify,1985,1854,207,40.0,JavaScript,1302,1353
597,immerjs/immer,1528,282,93,199.0,JavaScript,530,552
598,pjreddie/darknet,2886,10,0,110.0,C,526,2266
599,dmlc/xgboost,2950,2831,39,267.0,C++,4066,4307
600,doczjs/docz,1450,362,127,487.0,TypeScript,1122,1231
601,heartcombo/devise,4554,747,16,376.0,Ruby,3951,4085
602,tj/commander.js,3857,554,65,613.0,JavaScript,867,871
603,alibaba/canal,3339,362,22,327.0,Java,2677,3513
604,pure-css/pure,3240,209,24,613.0,JavaScript,562,562
605,balderdashy/sails,3640,530,40,613.0,JavaScript,5835,6291
606,google-research/google-research,1249,26,0,113.0,Jupyter Notebook,223,711
607,emberjs/ember.js,3938,7719,432,195.0,JavaScript,6200,6551
608,harvesthq/chosen,3975,309,34,613.0,HTML,2120,2363
609,signalapp/Signal-Android,3734,238,0,487.0,Java,9044,9427
610,syl20bnr/spacemacs,3366,1390,158,42.0,Emacs Lisp,7690,8086
611,redux-saga/redux-saga,2289,635,50,421.0,JavaScript,1391,1429
612,react-native-elements/react-native-elements,2005,1040,75,544.0,TypeScript,1837,1894
613,littlecodersh/ItChat,2238,29,13,455.0,Python,607,840
614,nektos/act,1159,344,34,75.0,Go,542,597
615,dromara/hutool,2884,268,110,329.0,Java,1636,1639
616,mdbootstrap/mdb-ui-kit,2757,193,16,98.0,JavaScript,1134,1136
617,fastai/fastai,1639,1527,32,23.0,Jupyter Notebook,1459,1562
618,facebook/rocksdb,3383,563,149,82.0,C++,2034,2447
619,google/python-fire,1839,44,8,332.0,Python,147,250
620,fouber/blog,2872,1,0,170.0,None,4,14
621,vuejs/devtools,2715,238,68,319.0,TypeScript,984,1334
622,mattermost/mattermost-server,2456,11496,295,184.0,Go,5687,6350
623,emscripten-core/emscripten,4040,7610,1,420.0,C,6247,7228
624,kataras/iris,2227,180,20,28.0,Go,746,815
625,jamiebuilds/the-super-tiny-compiler,2186,20,0,220.0,JavaScript,0,0
626,t4t5/sweetalert,2714,83,13,645.0,TypeScript,543,691
627,kahun/awesome-sysadmin,2947,183,0,624.0,None,26,97
628,jesseduffield/lazydocker,1023,103,28,34.0,Go,84,193
629,ovity/octotree,2858,249,0,1232.0,JavaScript,680,723
630,beurtschipper/Depix,455,12,0,124.0,Python,0,0
631,reduxjs/react-redux,2430,465,102,621.0,TypeScript,1133,1150
632,lukasz-madon/awesome-remote-job,2620,524,0,1240.0,None,39,44
633,labstack/echo,2562,442,90,117.0,Go,1196,1240
634,Polymer/polymer,3482,1069,115,162.0,HTML,3648,3904
635,ramda/ramda,3180,1257,26,257.0,JavaScript,1428,1548
636,seata/seata,1164,1425,31,258.0,Java,1965,2517
637,lovell/sharp,3121,218,46,101.0,JavaScript,2687,2789
638,Tencent/wepy,1938,428,8,541.0,JavaScript,1783,2129
639,sickcodes/Docker-OSX,640,88,0,169.0,Shell,187,331
640,matteocrippa/awesome-swift,2796,1364,0,409.0,Swift,121,121
641,ReactiveX/RxSwift,2525,737,71,364.0,Swift,1152,1162
642,swagger-api/swagger-ui,3887,2148,224,193.0,JavaScript,4063,4737
643,facebook/flow,2686,159,232,636.0,OCaml,4180,6553
644,dimsemenov/PhotoSwipe,3986,54,11,375.0,JavaScript,1084,1656
645,github/hub,4474,396,60,1404.0,Go,1735,1957
646,android/architecture-components-samples,1762,214,0,88.0,Kotlin,534,668
647,sampotts/plyr,2577,346,79,703.0,JavaScript,1143,1845
648,alibaba/nacos,1360,1741,43,348.0,Java,4703,5347
649,MostlyAdequate/mostly-adequate-guide,2496,270,1,49.0,JavaScript,202,267
650,bregman-arie/devops-exercises,885,128,0,17.0,Python,36,48
651,guzzle/guzzle,4024,862,45,562.0,PHP,1711,1735
652,alibaba/spring-cloud-alibaba,1556,535,27,217.0,Java,1291,1648
653,facebook/folly,3565,4,76,88.0,C++,600,896
654,facebook/draft-js,2207,216,26,256.0,JavaScript,963,1726
655,stedolan/jq,3518,212,9,122.0,C,1265,1869
656,vapor/vapor,2239,1025,436,206.0,Swift,1385,1465
657,inconshreveable/ngrok,3273,34,0,75.0,Go,417,752
658,Wox-launcher/Wox,2999,285,38,42.0,C#,2397,3192
659,vercel/swr,860,517,76,140.0,TypeScript,513,570
660,tqdm/tqdm,2468,261,115,2.0,Python,544,817
661,markerikson/react-redux-links,2235,62,0,422.0,None,22,38
662,matterport/Mask_RCNN,1599,65,3,43.0,Python,802,2522
663,feathericons/feather,2839,96,50,151.0,JavaScript,221,560
664,veggiemonk/awesome-docker,2723,787,1,291.0,None,113,113
665,halo-dev/halo,1446,439,80,53.0,Java,996,1066
666,apache/kafka,3856,5189,0,69.0,Java,0,0
667,rollup/rollup,2488,1410,315,219.0,JavaScript,2390,2752
668,n8n-io/n8n,988,1437,0,142.0,TypeScript,503,563
669,mongodb/mongo,4798,115,0,716.0,C++,0,0
670,ruanyf/weekly,1240,47,0,294.0,None,434,2157
671,helm/helm,2343,3241,153,433.0,Go,5985,6258
672,fabricjs/fabric.js,4288,1578,116,954.0,JavaScript,5094,5344
673,mbadolato/iTerm2-Color-Schemes,3992,243,0,490.0,Shell,71,83
674,openfaas/faas,1900,651,147,143.0,Go,737,765
675,mochajs/mocha,4017,1137,72,364.0,JavaScript,2567,2791
676,SwiftyJSON/SwiftyJSON,2818,215,21,715.0,Swift,573,684
677,google/iosched,2896,62,2,1216.0,Kotlin,186,229
678,kriasoft/react-starter-kit,2881,486,5,1139.0,TypeScript,1165,1170
679,bevacqua/dragula,2519,57,0,937.0,JavaScript,406,504
680,prisma/prisma,990,2504,125,14.0,TypeScript,3897,5740
681,usablica/intro.js,3283,332,30,655.0,JavaScript,681,713
682,files-community/Files,1157,2530,62,8.0,C#,4844,5693
683,portainer/portainer,2117,2151,89,97.0,JavaScript,3234,3965
684,nsqio/nsq,3585,648,30,718.0,Go,546,597
685,NativeScript/NativeScript,2562,2845,109,461.0,TypeScript,5504,6392
686,komeiji-satori/Dress,1484,501,0,287.0,Standard ML,252,352
687,kilimchoi/engineering-blogs,2458,679,0,158.0,Ruby,74,78
688,react-navigation/react-navigation,1865,963,1122,517.0,TypeScript,8056,8506
689,eriklindernoren/ML-From-Scratch,1855,9,0,23.0,Python,36,64
690,swc-project/swc,1535,1875,123,63.0,Rust,1321,1551
691,bilibili/flv.js,2124,20,15,575.0,JavaScript,291,667
692,paularmstrong/normalizr,2755,98,25,120.0,JavaScript,279,301
693,sharkdp/fd,1762,316,28,45.0,Rust,531,581
694,xuxueli/xxl-job,2290,93,30,177.0,Java,1633,2436
695,googlehosts/hosts,1674,50,0,533.0,None,349,412
696,zsh-users/zsh-autosuggestions,3053,104,0,0.0,Shell,401,487
697,servo/servo,3679,14057,0,72.0,None,8232,11591
698,ibraheemdev/modern-unix,418,9,0,147.0,None,8,49
699,AllThingsSmitty/css-protips,2381,45,0,31.0,None,44,49
700,conwnet/github1s,994,197,21,77.0,JavaScript,123,172
701,wsargent/docker-cheat-sheet,2770,133,0,399.0,None,22,27
702,HeroTransitions/Hero,1928,110,37,467.0,Swift,406,584
703,chenglou/react-motion,2460,144,4,120.0,JavaScript,248,394
704,getredash/redash,3051,2643,98,117.0,Python,1715,2187
705,google/gson,2544,305,3,310.0,Java,967,1448
706,pugjs/pug,4274,501,22,382.0,JavaScript,2258,2509
707,quasarframework/quasar,2344,2862,594,457.0,JavaScript,6281,6558
708,viraptor/reverse-interview,910,53,0,491.0,None,14,21
709,react-bootstrap/react-bootstrap,2991,2442,34,191.0,TypeScript,3103,3241
710,wangzheng0822/algo,1259,321,0,324.0,Python,21,118
711,keon/algorithms,1935,413,1,133.0,Python,93,153
712,jlmakes/scrollreveal,2971,32,0,800.0,JavaScript,450,470
713,ColorlibHQ/gentelella,2487,161,7,1199.0,HTML,610,640
714,ipfs/ipfs,2945,125,0,354.0,None,203,207
715,tornadoweb/tornado,4561,821,0,318.0,Python,1507,1708
716,yt-dlp/yt-dlp,496,676,49,29.0,Python,1572,1973
717,SwiftGGTeam/the-swift-programming-language-in-chinese,2833,682,1,450.0,CSS,394,397
718,ehang-io/nps,1218,74,59,72.0,Go,642,908
719,datasciencemasters/go,3126,43,0,51.0,None,23,49
720,Meituan-Dianping/mpvue,1460,64,19,542.0,JavaScript,1264,1687
721,coder2gwy/coder2gwy,431,2,0,404.0,None,23,130
722,DesignPatternsPHP/DesignPatternsPHP,3849,272,0,23.0,PHP,107,109
723,julycoding/The-Art-Of-Programming-By-July,3004,254,0,783.0,C,83,130
724,dnSpy/dnSpy,2440,53,1,155.0,C#,0,0
725,ApolloAuto/apollo,1706,9644,10,260.0,C++,2465,3524
726,haizlin/fe-interview,1054,8,2,67.0,JavaScript,14,4936
727,StevenBlack/hosts,3615,367,408,9.0,Python,1310,1345
728,postcss/autoprefixer,3279,264,181,675.0,JavaScript,1074,1107
729,git-tips/tips,2426,138,0,343.0,JavaScript,17,32
730,coolsnowwolf/lede,1642,1355,2,73.0,C,6034,6311
731,localForage/localForage,3048,267,26,445.0,JavaScript,489,674
732,eslint/eslint,3172,5043,261,364.0,JavaScript,8854,8942
733,floating-ui/floating-ui,2168,513,176,151.0,TypeScript,782,796
734,nefe/You-Dont-Need-jQuery,2297,163,1,793.0,JavaScript,65,66
735,FallibleInc/security-guide-for-developers,2097,26,0,276.0,None,4,12
736,facebookresearch/detectron2,913,0,10,171.0,Python,2721,2862
737,yeasy/docker_practice,2739,244,15,319.0,Go,194,196
738,nicolargo/glances,3745,421,27,835.0,Python,1237,1454
739,vuejs/vuepress,1431,764,21,205.0,JavaScript,1387,1818
740,OWASP/CheatSheetSeries,1171,532,0,226.0,Python,223,260
741,alpinejs/alpine,829,437,99,226.0,HTML,552,559
742,sirupsen/logrus,3063,394,13,60.0,Go,604,615
743,Kong/insomnia,2143,1279,206,13.0,JavaScript,2027,2556
744,babysor/MockingBird,211,37,1,310.0,Python,207,381
745,docsifyjs/docsify,1932,483,12,42.0,JavaScript,884,1037
746,ReactiveCocoa/ReactiveCocoa,3656,1347,83,278.0,Swift,2001,2001
747,petkaantonov/bluebird,3102,289,123,226.0,JavaScript,1072,1137
748,dotnet-architecture/eShopOnContainers,1978,469,10,172.0,C#,1075,1110
749,futurice/android-best-practices,2777,80,0,226.0,None,61,84
750,viatsko/awesome-vscode,2219,234,0,226.0,JavaScript,23,40
751,JohnCoates/Aerial,2323,214,172,215.0,Swift,893,936
752,BradLarson/GPUImage,3674,241,3,576.0,Objective-C,1308,2210
753,elixir-lang/elixir,4074,5838,120,227.0,Elixir,4618,4638
754,apache/incubator-mxnet,2502,8696,30,69.0,C++,7709,9470
755,jaredhanson/passport,3802,49,0,7.0,JavaScript,390,690
756,coreybutler/nvm-windows,2724,63,17,164.0,Go,517,596
757,vercel/pkg,2036,140,37,211.0,JavaScript,1153,1200
758,ruanyf/es6tutorial,2877,354,0,227.0,JavaScript,533,533
759,enzymejs/enzyme,2308,646,0,227.0,JavaScript,1490,1747
760,yewstack/yew,1541,1169,30,28.0,Rust,888,977
761,facebookarchive/pop,2898,100,3,362.0,Objective-C++,211,256
762,uglide/RedisDesktopManager,3135,406,83,222.0,C++,4461,4491
763,numpy/numpy,4192,8609,80,106.0,Python,8347,10358
764,sebastianruder/NLP-progress,1353,453,3,227.0,Python,65,95
765,necolas/react-native-web,2462,47,19,227.0,JavaScript,1471,1548
766,onevcat/Kingfisher,2526,538,160,52.0,Swift,1124,1193
767,goldfire/howler.js,3324,127,24,889.0,JavaScript,1036,1312
768,SamyPesse/How-to-Make-a-Computer-Operating-System,3019,42,1,591.0,C,27,71
769,withastro/snowpack,1104,1203,83,382.0,JavaScript,528,859
770,libgdx/libgdx,3495,2370,8,581.0,Java,3283,3452
771,ageron/handson-ml2,1153,62,0,38.0,Jupyter Notebook,280,432
772,Reactive-Extensions/RxJS,3711,520,34,1061.0,JavaScript,643,874
773,homebridge/homebridge,2652,293,29,222.0,TypeScript,2683,2697
774,highlightjs/highlight.js,4082,1258,31,420.0,JavaScript,1740,1785
775,avajs/ava,2665,967,84,309.0,JavaScript,1473,1551
776,rwaldron/idiomatic.js,3938,114,0,206.0,None,48,79
777,ReactiveX/RxAndroid,2756,171,18,763.0,Java,340,341
778,michalsnik/aos,2432,38,0,4.0,JavaScript,348,613
779,tipsy/profile-summary-for-github,1547,20,0,1196.0,Vue,58,71
780,Seldaek/monolog,4035,612,49,563.0,PHP,671,700
781,railsware/upterm,2541,293,187,368.0,TypeScript,533,752
782,Pierian-Data/Complete-Python-3-Bootcamp,1483,12,0,50.0,Jupyter Notebook,187,246
783,ryanhanwu/How-To-Ask-Questions-The-Smart-Way,2535,82,0,200.0,JavaScript,14,19
784,ray-project/ray,1958,10973,53,308.0,Python,7301,9273
785,DrKLO/Telegram,3054,20,72,138.0,Java,0,0
786,gfwlist/gfwlist,2550,0,0,577.0,None,1807,2183
787,jhipster/generator-jhipster,3058,10057,20,57.0,JavaScript,6610,6846
788,photoprism/photoprism,1499,177,35,60.0,Go,1081,1352
789,notable/notable,1170,25,20,182.0,TypeScript,882,1499
790,k3s-io/k3s,1375,1662,348,274.0,Go,2665,3063
791,datawhalechina/pumpkin-book,1170,44,4,311.0,None,48,65
792,yuzu-emu/yuzu,1523,4543,0,26.0,C++,1599,2491
793,parse-community/parse-server,2229,2889,120,199.0,JavaScript,3882,4098
794,judasn/IntelliJ-IDEA-Tutorial,2393,39,0,1040.0,None,74,74
795,microsoft/cascadia-code,970,70,17,16.0,Python,447,513
796,qishibo/AnotherRedisDesktopManager,1153,104,38,64.0,JavaScript,554,633
797,youzan/vant,1782,3969,159,956.0,TypeScript,5988,6011
798,bitcoinbook/bitcoinbook,3129,434,3,199.0,AsciiDoc,294,341
799,validatorjs/validator.js,4169,607,9,66.0,JavaScript,770,892
800,zhaoolee/ChromeAppHeroes,1123,7,0,142.0,JavaScript,29,43
801,PaddlePaddle/PaddleOCR,667,1400,4,243.0,Python,3063,3973
802,v8/v8,2720,0,0,199.0,C++,0,0
803,sudheerj/reactjs-interview-questions,1375,97,0,51.0,JavaScript,49,53
804,afollestad/material-dialogs,2680,179,92,199.0,Kotlin,0,0
805,js-cookie/js-cookie,2544,61,34,25.0,JavaScript,500,502
806,tsenart/vegeta,3127,130,63,116.0,Go,301,375
807,mozilla/DeepSpeech,2103,1338,105,99.0,C++,1947,2053
808,electron-react-boilerplate/electron-react-boilerplate,2484,745,57,175.0,TypeScript,1569,1598
809,segmentio/nightmare,2892,251,1,185.0,JavaScript,1066,1241
810,statelyai/xstate,2365,988,150,167.0,TypeScript,879,1028
811,felixrieseberg/windows95,1291,17,12,318.0,TypeScript,95,209
812,envoyproxy/envoy,2036,10859,72,603.0,C++,5805,6928
813,leereilly/games,3713,192,0,224.0,None,80,236
814,marmelab/react-admin,2062,3183,220,8.0,TypeScript,3388,3470
815,xi-editor/xi-editor,2140,654,0,87.0,Rust,396,526
816,neoclide/coc.nvim,1405,538,80,323.0,TypeScript,2576,2594
817,libuv/libuv,3018,613,2,60.0,C,1314,1417
818,deezer/spleeter,892,44,2,492.0,Python,525,645
819,benweet/stackedit,3269,35,13,461.0,JavaScript,998,1632
820,google/ExoPlayer,2823,522,17,635.0,Java,8359,8892
821,Homebrew/homebrew-cask,3653,97753,81,758.0,Ruby,5983,6006
822,zhiwehu/Python-programming-exercises,3552,0,0,51.0,None,11,65
823,eugeneyan/applied-ml,610,173,0,3.0,None,18,20
824,trekhleb/homemade-machine-learning,1221,2,0,172.0,Jupyter Notebook,12,21
825,verekia/js-stack-from-scratch,1981,55,1,130.0,JavaScript,118,157
826,slidevjs/slidev,316,108,166,209.0,TypeScript,251,320
827,Light-City/CPlusPlusThings,966,23,0,83.0,C++,91,143
828,zyedidia/micro,2186,513,32,240.0,Go,1152,1695
829,ruby/ruby,4390,2405,0,109.0,Ruby,0,0
830,drduh/macOS-Security-and-Privacy-Guide,2379,134,0,294.0,Python,224,240
831,ShareX/ShareX,3071,669,72,169.0,C#,4817,5165
832,DIYgod/RSSHub,1434,4648,226,181.0,JavaScript,2983,3324
833,MustangYM/WeChatExtension-ForMac,1046,45,47,85.0,Objective-C,762,1535
834,apache/skywalking,2311,3442,50,115.0,Java,4034,4083
835,gofiber/fiber,780,886,84,2.0,Go,780,805
836,qianguyihao/Web,1888,0,0,254.0,None,117,159
837,Popmotion/popmotion,2758,293,0,208.0,JavaScript,549,581
838,schollz/croc,1601,130,130,193.0,Go,239,312
839,celery/celery,4699,1680,31,298.0,Python,4162,4632
840,davideuler/architecture.of.internet-product,1406,1,0,258.0,HTML,3,11
841,jorgebucaran/hyperapp,1871,273,26,1308.0,JavaScript,569,578
842,osquery/osquery,2777,3842,116,81.0,C++,2417,2901
843,vuejs/vue-router,3007,605,83,193.0,JavaScript,2686,2750
844,tobiasahlin/SpinKit,3006,51,9,193.0,CSS,53,58
845,TeamStuQ/skill-map,2301,42,2,193.0,HTML,16,85
846,ftlabs/fastclick,3674,67,3,193.0,HTML,181,392
847,forem/forem,1939,10518,0,149.0,Ruby,4037,4421
848,microsoft/api-guidelines,2063,111,0,193.0,None,77,145
849,AppFlowy-IO/AppFlowy,263,147,5,37.0,Rust,81,193
850,rancher/rancher,2676,6872,812,33.0,Go,26278,28359
851,alibaba/Sentinel,1432,418,19,193.0,Java,1363,1731
852,robertdavidgraham/masscan,3143,82,11,489.0,C,150,458
853,wesbos/JavaScript30,1915,145,0,7.0,HTML,0,0
854,palantir/blueprint,1958,2075,110,113.0,TypeScript,2000,2635
855,python-poetry/poetry,1467,904,107,193.0,Python,2442,3561
856,eligrey/FileSaver.js,3887,65,14,140.0,JavaScript,459,599
857,norvig/pytudes,1831,51,0,261.0,Jupyter Notebook,16,33
858,Prinzhorn/skrollr,3640,35,0,505.0,HTML,533,776
859,jenkinsci/jenkins,4122,4681,160,38.0,Java,0,0
860,AMAI-GmbH/AI-Expert-Roadmap,498,13,0,133.0,JavaScript,38,45
861,graphql/graphql-js,2441,2065,139,193.0,TypeScript,853,987
862,dhg/Skeleton,3963,25,6,193.0,CSS,126,200
863,open-mmlab/mmdetection,1292,1606,30,181.0,Python,4807,5259
864,winstonjs/winston,4085,427,9,104.0,JavaScript,928,1304
865,didi/DoraemonKit,1300,306,7,291.0,Java,461,607
866,reduxjs/reselect,2440,124,34,193.0,TypeScript,346,360
867,nextcloud/server,2103,14715,36,70.0,PHP,11914,13679
868,google/web-starter-kit,2890,234,14,778.0,HTML,535,585
869,tmrts/go-patterns,2274,10,0,0.0,Go,11,25
870,nikitavoloboev/my-mac-os,2193,16,0,193.0,None,71,73
871,spf13/viper,2895,216,17,1.0,Go,377,708
872,redisson/redisson,2976,299,105,826.0,Java,3454,3698
873,PostgREST/postgrest,2823,700,36,902.0,Haskell,1063,1215
874,Awesome-HarmonyOS/HarmonyOS,940,15,0,600.0,C,0,0
875,ruanyf/jstraining,1956,18,0,800.0,None,41,41
876,ChristosChristofidis/awesome-deep-learning,2620,143,0,513.0,None,14,17
877,remoteintech/remote-jobs,2336,921,0,168.0,JavaScript,101,118
878,fish-shell/fish-shell,3587,1313,33,214.0,C++,5716,6179
879,taichi-dev/taichi,1928,2698,95,196.0,C++,1091,1488
880,locustio/locust,4035,522,73,432.0,Python,1262,1278
881,sideway/joi,3458,403,0,124.0,JavaScript,2038,2142
882,freefq/free,637,0,0,150.0,None,106,314
883,apache/flink,2829,5664,0,214.0,Java,0,0
884,TheAlgorithms/C-Plus-Plus,2059,509,0,79.0,C++,182,191
885,SerenityOS/serenity,1190,8944,0,13.0,C++,2342,2816
886,sebastianbergmann/phpunit,4455,765,0,565.0,PHP,2927,3071
887,codex-team/editor.js,2290,647,26,0.0,TypeScript,715,1051
888,SnapKit/SnapKit,2831,120,11,53.0,Swift,459,537
889,bazelbuild/bazel,2824,124,142,288.0,Java,7237,9516
890,square/picasso,3218,517,7,278.0,Kotlin,1356,1548
891,TheAlgorithms/Javascript,1697,477,0,35.0,JavaScript,127,132
892,bcit-ci/CodeIgniter,3852,1294,0,189.0,PHP,3197,3206
893,jcjohnson/neural-style,2378,16,0,189.0,Lua,144,438
894,telegramdesktop/tdesktop,2865,938,566,189.0,C++,10050,10757
895,nothings/stb,2842,276,0,165.0,C,593,670
896,Awesome-Windows/Awesome,2106,206,0,189.0,None,71,96
897,Baseflow/PhotoView,3519,54,5,189.0,Java,475,655
898,nostalgic-css/NES.css,1259,222,7,172.0,SCSS,138,172
899,chalk/chalk,3137,90,21,145.0,JavaScript,312,313
900,ascoders/weekly,1812,114,131,339.0,JavaScript,276,278
901,jaywcjlove/linux-command,1940,187,12,211.0,Markdown,62,96
902,n0shake/Public-APIs,2244,348,0,82.0,None,46,46
903,streamlit/streamlit,925,1806,33,37.0,Python,1733,2277
904,academic/awesome-datascience,2801,259,0,137.0,None,40,42
905,dracula/dracula-theme,3052,84,24,80.0,None,446,497
906,jumpserver/jumpserver,2802,3118,112,254.0,Python,3899,4057
907,go-delve/delve,2847,1239,17,189.0,Go,1261,1365
908,SnapKit/Masonry,3149,75,1,189.0,Objective-C,332,455
909,mpv-player/mpv,3431,1159,80,5.0,C,6551,7235
910,wenyan-lang/wenyan,819,168,13,538.0,TypeScript,304,475
911,google/eng-practices,914,8,0,250.0,None,6,9
912,adobe-fonts/source-code-pro,3496,47,13,6.0,CSS,159,214
913,dotnet/corefx,2677,21857,103,73.0,None,0,0
914,Asabeneh/30-Days-Of-JavaScript,804,43,0,4.0,JavaScript,31,32
915,lutzroeder/netron,4088,1,2,318.0,JavaScript,752,771
916,pytorch/examples,2020,290,0,58.0,Python,248,513
917,SpaceVim/SpaceVim,1896,2171,20,11.0,Vim script,2182,2239
918,vadimdemedes/ink,1728,164,43,98.0,TypeScript,212,269
919,PHPMailer/PHPMailer,3848,382,53,216.0,PHP,1836,1860
920,taosdata/TDengine,969,7219,46,189.0,C,2058,2554
921,python-telegram-bot/python-telegram-bot,2434,847,88,32.0,Python,1562,1592
922,recharts/recharts,2403,340,0,345.0,TypeScript,1995,2316
923,asim/go-micro,2609,1298,205,105.0,Go,820,888
924,wekan/wekan,2966,879,316,218.0,JavaScript,2320,3043
925,alibaba/weex,2186,1092,7,754.0,C++,1882,1908
926,websockets/ws,3770,472,88,173.0,JavaScript,1339,1344
927,openssl/openssl,3337,111,0,8.0,C,5491,6900
928,eggjs/egg,2087,978,85,189.0,JavaScript,3538,3767
929,discordjs/discord.js,2400,3043,68,7.0,JavaScript,3034,3090
930,dgraph-io/dgraph,2385,4293,100,56.0,Go,2318,2328
931,FelisCatus/SwitchyOmega,3558,7,51,74.0,CoffeeScript,1681,2224
932,vnpy/vnpy,2561,943,48,150.0,Python,1861,1870
933,PaddlePaddle/Paddle,2029,19054,52,70.0,Python,12225,14190
934,hwdsl2/setup-ipsec-vpn,2250,29,0,90.0,Shell,1014,1016
935,phoenixframework/phoenix,2967,1985,20,624.0,Elixir,2122,2142
936,1c7/chinese-independent-developer,1627,113,0,410.0,None,61,63
937,nuysoft/Mock,3236,7,14,429.0,JavaScript,140,418
938,dennybritz/reinforcement-learning,2020,58,0,170.0,Jupyter Notebook,61,149
939,jitsi/jitsi-meet,3002,4937,35,132.0,JavaScript,4691,5053
940,pbatard/rufus,3760,0,70,10.0,C,1692,1705
941,TencentARC/GFPGAN,352,11,5,0.0,Python,65,149
942,elunez/eladmin,1178,64,0,222.0,Java,568,588
943,airyland/vux,2211,329,80,1109.0,Vue,2926,3300
944,google/flatbuffers,2848,1390,18,10.0,C++,1751,1869
945,PyTorchLightning/pytorch-lightning,1071,4860,84,387.0,Python,4238,4638
946,Igglybuff/awesome-piracy,1244,182,0,45.0,HTML,131,251
947,firecracker-microvm/firecracker,1599,1423,51,200.0,Rust,1066,1209
948,magenta/magenta,2131,932,47,400.0,Python,570,870
949,InterviewMap/CS-Interview-Knowledge-Map,1448,60,0,297.0,None,75,104
950,philc/vimium,4550,586,0,279.0,JavaScript,2069,2997
951,urfave/cli,3158,520,23,15.0,Go,567,634
952,mxgmn/WaveFunctionCollapse,1983,18,0,170.0,C#,40,40
953,Micropoor/Micro8,1112,2,0,20.0,None,31,45
954,mojs/mojs,2810,44,22,299.0,CoffeeScript,151,185
955,nushell/nushell,1031,2462,47,13.0,Rust,1706,2008
956,svg/svgo,3483,380,50,661.0,JavaScript,901,1079
957,sdras/awesome-actions,1236,435,0,301.0,None,24,37
958,apollographql/apollo-client,2200,3890,8,117.0,TypeScript,3673,4171
959,npm/npm,4541,439,261,145.0,None,16502,18669
960,ossrs/srs,2503,202,37,163.0,C++,835,1003
961,uikit/uikit,3153,200,218,8.0,HTML,3303,3990
962,HelloZeroNet/ZeroNet,2610,388,22,254.0,JavaScript,1436,2131
963,BoostIO/BoostNote-Legacy,2191,1074,15,714.0,JavaScript,1900,2342
964,swoole/swoole-src,3515,1323,224,344.0,C++,2926,3007
965,google/flexbox-layout,2132,246,25,288.0,Kotlin,214,311
966,dotnet/core,2665,1398,157,173.0,Shell,4423,4783
967,crystal-lang/crystal,3386,4264,94,428.0,Crystal,5048,6202
968,typicode/lowdb,2895,65,24,762.0,JavaScript,395,395
969,valyala/fasthttp,2331,325,39,178.0,Go,712,759
970,facebook/flux,2786,201,4,199.0,JavaScript,232,239
971,GeekyAnts/NativeBase,2151,1245,160,163.0,TypeScript,2764,3022
972,react-dnd/react-dnd,2695,1376,137,14.0,TypeScript,1255,1536
973,arendst/Tasmota,1863,3581,92,6.0,C,8459,8466
974,TeamNewPipe/NewPipe,2376,1155,116,57.0,Java,5284,6303
975,nosir/cleave.js,2118,132,66,26.0,JavaScript,324,490
976,luong-komorebi/Awesome-Linux-Software,2038,402,0,388.0,Python,100,113
977,facebook/hhvm,4446,90,15,114.0,C++,5276,5872
978,rome/tools,745,1388,13,154.0,Rust,563,613
979,CarGuo/GSYVideoPlayer,1939,34,32,669.0,Java,3278,3294
980,iawia002/lux,1471,232,72,195.0,Go,451,783
981,refined-github/refined-github,2211,2156,69,3.0,TypeScript,2691,2847
982,dapr/dapr,991,1884,93,82.0,Go,1755,2005
983,lensapp/lens,1210,2270,160,77.0,TypeScript,1665,2342
984,elastic/kibana,3326,75782,78,73.0,TypeScript,33995,43091
985,microsoft/CNTK,2292,257,32,141.0,C++,2527,3280
986,julianshapiro/velocity,2888,54,18,421.0,JavaScript,772,814
987,pubkey/rxdb,1920,2791,102,15.0,TypeScript,528,529
988,alibaba/ice,1949,2663,71,170.0,TypeScript,2074,2217
989,chubin/wttr.in,2262,229,0,10.0,Python,276,453
990,jsdom/jsdom,4429,757,33,94.0,JavaScript,1649,2035
991,MLEveryday/100-Days-Of-ML-Code,1309,45,0,170.0,Jupyter Notebook,40,48
992,kdeldycke/awesome-falsehood,2005,77,0,170.0,None,22,24
993,pmndrs/react-three-fiber,1105,322,7,54.0,TypeScript,608,623
994,processing/p5.js,3295,1964,78,13.0,JavaScript,3024,3216
995,mysqljs/mysql,4238,109,0,170.0,JavaScript,1958,2132
996,checkcheckzz/system-design-interview,2849,26,0,35.0,None,6,12
997,reduxjs/redux-thunk,2428,59,14,170.0,TypeScript,201,201
998,junyanz/pytorch-CycleGAN-and-pix2pix,1783,75,0,170.0,Python,880,1249
999,facert/awesome-spider,1983,38,0,125.0,None,15,35
